PERIOD,AUDITTYPE,STORECODE,DLRCODE,ITEMCODE,CATEGORY,MANUFACTURE,BRAND,ITEMDESC,MRP,PACKSIZE,PACKTYPE,COMMENTS,IMAGE
202505,2,111850613,31304020009,1746080711343,118,SINGAPORE BEVERAGE-NEPAL,LEMONZAAAAA NIMBU PANI,LEMONZAAAAA NIMBU PANI-LEMON-LEMON PET 1000 ML,130,1000 ML,PBT,Sales Deviation is OK,1746080711343-singapore beverage-nepal-lemonzaaaaa nimbu pani#3.png
202504,2,133568658,31315020003,1745993998112,134,ASLE FOOD & BEVERAGE-NEPAL,"FIGHTER POWER DRINK ",FIGHTER POWER DRINK CAN250 ML,120,250 ML,CAN,,1745993998112-asle food - beverage-nepal-fighter power drink #3.png
202504,2,127303566,32201020031,1745919675644,118,BOTTLERS NEPAL - NEPAL,FANTA LEMON,FANTA LEMON/PBT/250ML/50/BOTTLERS NEPAL - NEPAL,50,250ML,PBT,,1745919675644-bottlers nepal - nepal-fanta lemon#3.png
202504,2,129057785,12201020029,1745507741485,118,BOTTLERS NEPAL - NEPAL,FANTA LEMON,FANTA LEMON-LEMON PET 250ML,50,250ML,PET,,
202504,2,128897531,12201020027,1745507741485,118,BOTTLERS NEPAL - NEPAL,FANTA LEMON,FANTA LEMON-LEMON PET 250ML,50,250ML,PET,,
202504,2,324121510013,32412020020,1745909416134,134,FRUIT AGRO PRODUCT-NEPAL,"FA ULTRA POWER ",FA ULTRA POWER CAN 330 ML,140,330ML,CAN,,1745909416134-fruit agro product-nepal-fa ultra power #3.png
202504,2,128757050,12201020010,1745507741485,118,BOTTLERS NEPAL - NEPAL,FANTA LEMON,FANTA LEMON-LEMON PET 250ML,50,250ML,PET,,
202504,2,123117800,31101020078,1744864838286,118,BOTTLERS NEPAL - NEPAL,FANTA,FANTA LEMON\250ML\PET\RS:80\BOTTLERS I NEPAL,50,250ML,PET,,
202504,2,324121210085,32412020012,1745812211357,134,"ECO PLANAT PVT LTD NEPAL ",ECO DRPO,"ECO DROP ",25,1000ML,PBT,,1745812211357-eco planat pvt ltd nepal -eco drpo#3.png
202504,2,130528603,21202020027,1745733588459,134,SOUTH ASIAN BEVERAGES P. LTD-NEPAL,FROOTI,"FROOTI\1000ML\PBT\MANGO FLAVOUR ",170,1000ML,PBT,,1745733588459-south asian beverages p- ltd-nepal-frooti#3.png
202504,2,115055067,21101020247,1745745947444,118,BOTTLERS NEPAL - NEPAL,FANTA LEMON,FANTA LEMON PET 250 ML,,250ML,PET,,
202504,2,116516440,31310020006,1744864838286,118,BOTTLERS NEPAL - NEPAL,FANTA,FANTA LEMON\250ML\PET\RS:80\BOTTLERS I NEPAL,50,250ML,PET,,
202504,2,128812959,12201020024,1745507741485,118,BOTTLERS NEPAL - NEPAL,FANTA LEMON,FANTA LEMON-LEMON PET 250ML,50,250ML,PET,,
202504,2,128812959,12201020024,1745567375462,118,BOTTLERS NEPAL - NEPAL,FANTA LEMON,FANTA LEMON-LEMON PET 2000ML,199,2000ML,PET,,1745567375462-bottlers nepal - nepal-fanta lemon#3.png
202504,2,130512227,21202020031,1745555987639,134,HYGEN PACKS NEPAL PVT LTD-NEPAL,MANIA LITCHI,"MANIA LITCHI\150ML\PBT\FRUIT DRINK ",20,150ML,PBT,,1745555987639-hygen packs nepal pvt ltd-nepal-mania litchi#3.png
202504,2,128702441,12201020028,1745507741485,118,BOTTLERS NEPAL - NEPAL,FANTA LEMON,FANTA LEMON-LEMON PET 250ML,50,250ML,PET,,1745507741485-bottlers nepal - nepal-fanta lemon#3.png
202504,2,129371866,12201020026,1745507741485,118,BOTTLERS NEPAL - NEPAL,FANTA LEMON,FANTA LEMON-LEMON PET 250ML,50,250ML,PET,,
202504,2,128612867,52203020004,1745474855988,134,GOODLIFE BEVERAGE-NEPAL,"GOODLIFE ","GOODLIFE/GUAVA/180ML/TPK/20% EXTRA ",27,"180ML ",TPK,,1745474855988-goodlife beverage-nepal-goodlife #3.png
202504,2,128612867,52203020004,1745476057498,134,NEPAL M.D FOOD & BEVERAGE-NEPAL,"LEMON ",LEMON/NIMBU PANI/250ML/PBT,50,"250ML ",PBT,,1745476057498-nepal m-d food - beverage-nepal-lemon #3.png
202504,2,128811177,52203020008,1745473872232,118,SHAMBHAVI FOOD & BEVERAGES-NEPAL,MAINTAIN DEW,MAINTAIN DEW/LEMON/200ML/PBT,35,200ML,PBT,,1745473872232-shambhavi food - beverages-nepal-maintain dew#3.png
202504,2,128725214,52203020013,1745472667734,134,DABUR NEPAL LTD.-NEPAL,REAL BURRST,REAL BURRST/GUAVA/170ML/TPK,25,"170ML ",TPK,,1745472667734-dabur nepal ltd--nepal-real burrst#3.png
202504,2,128593883,52203020005,1745467624071,134,ODAT BEVERAGE PVT LTD-NEPAL,"FRUITFUN ",FRUITFUN/LITCHI/125ML/PBT,20,"125ML ",PBT,,1745467624071-odat beverage pvt ltd-nepal-fruitfun #3.png
202504,2,222272510243,22227020003,1745373198001,134,AQUA PLUS SINDHULIGADHI PVT.LTD,A+ONE SINDHULIGADHI,A+ONE SINDHULIGADHI/1000/ML,20,1000 ML,PET,,1745373198001-aqua plus sindhuligadhi pvt-ltd-a-one sindhuligadhi#3.png
202504,2,222272510247,22227020004,1745373198001,134,AQUA PLUS SINDHULIGADHI PVT.LTD,A+ONE SINDHULIGADHI,A+ONE SINDHULIGADHI/1000/ML,20,1000 ML,PET,New SKU,
202504,2,128190487,21401020008,1745301459047,134,SINGAPORE BEVERAGE-NEPAL,LEMONZAAAAA NIMBU PANI,LEMONZAAAAA NIMBU PANI/PBT/250 ML,50,250 ML,PBT,,1745301459047-singapore beverage-nepal-lemonzaaaaa nimbu pani#3.png
202504,2,128962509,31101020075,1745302038237,134,RAYBOT SPRING'S MINERAL WATER-NEPAL,RAYBOT REFRESH,RAYBOT REFRESH-LYCHEE PBT 150 ML 10 ML EXTRA,20,150 ML,PBT,,1745302038237-raybot spring-s mineral water-nepal-raybot refresh#3.png
202504,2,116750748,21304020008,1745308063370,134,MARUTI DAIRY PRODUCT-NEPAL,GOPALA FRESH,GOPALA FRESHO-APPLE/250ML,100,250 ML,CAN,,1745308063370-maruti dairy product-nepal-gopala fresh#3.png
202504,2,122167896,31101020073,1745220842849,118,SHAMBHAVI FOOD & BEVERAGES-NEPAL,NIMUE NIMBU PANI,NIMUE NIMBU PANI LEMON PET 2.25L,260,2.25L,PBT,,1745220842849-shambhavi food - beverages-nepal-nimue nimbu pani#3.png
202504,2,122167896,31101020073,1745220550483,118,SAMBHAVI BEVERAGE-NEPAL,NIMUE NIMBU PANI,NIMUE NIMBU PANI-LEMON-PET 500 ML,80,500ML,PBT,,1745220550483-sambhavi beverage-nepal-nimue nimbu pani#3.png
202504,2,116302425,31307020008,1745206122838,134,AGRO THAI FOODS PVT LTD-NEPAL,FRUIT SHOOT,FRUIT SHOOT PINK GUAVA\200ML\PET\RS:35\AGRO THAI FOODS PVT.LTD NWPAL,35,200ML,PET,New SKU,1745206122838-agro thai foods pvt ltd-nepal-fruit shoot#3.png
202504,2,129024634,22101020014,1745125983888,134,PEPSI COLA CMPNY IMPRTD-IMPRTD,STING,"STING \500ML\PBT\ENERGY DRINK ",48,500ML,PBT,,1745125983888-pepsi cola cmpny imprtd-imprtd-sting#3.png
202504,2,125932332,21301020004,1744893098897,134,DABUR NEPAL LTD.-NEPAL,REAL BURRST-MIXED FRUIT TASTY & REFRESHING,REAL BURRST-MIXED FRUIT TASTY & REFRESHING\170\ML,25,170 ML,TPK,,1744893098897-dabur nepal ltd--nepal-real burrst-mixed fruit tasty - refreshing#3.png
202504,2,125932332,21301020004,1744896862973,134,CAVIN KARE LTD - INDIA,CAVINS KAJU BUTTERSCOTCH MILASHAKE,CAVINS - BUTTERSCOTCH MILKSHAKE\170\ML,90,170 ML,TPK,New SKU,1744896862973-cavin kare ltd - india-cavins kaju butterscotch milashake#3.png
202504,2,125932332,21301020004,1744897160835,134,CAVIN KARE LTD - INDIA,CAVINS BELGIAN CHOCOLATE MILKSHAKE,CAVINS BELGIAN CHOCOLATE MILKSHAKE\170\ML,90,170 ML,TPK,New SKU,1744897160835-cavin kare ltd - india-cavins belgian chocolate milkshake#3.png
202504,2,125932332,21301020004,1744896324949,134,CAVIN KARE LTD - INDIA,CAVINS CHOCOLATE MILASHAKE,CAVINS CHOCOLATE-CHOCOLATE MILKSHAKE\170\ML,90,170 ML,TPK,New SKU,1744896324949-cavin kare ltd - india-cavins chocolate milashake#3.png
202504,2,125932332,21301020004,1744896520924,134,CAVIN KARE LTD - INDIA,CAVINS STRAWEBERY MILASHAKE,CAVINS STRAWEBERY MILKSHAKE\170\ML,90,170 ML,TPK,,1744896520924-cavin kare ltd - india-cavins strawebery milashake#3.png
202504,2,125932332,21301020004,1744893455193,134,DABUR NEPAL LTD.-NEPAL,REAL BURRST-GUAVA TASTY & REFRESHING,REAL BURRST-GUAVA TASTY & REFRESHING\170\ML,25,170 ML,TPK,,1744893455193-dabur nepal ltd--nepal-real burrst-guava tasty - refreshing#3.png
202504,2,125084116,21301020030,1744873061161,134,SALAMBHU FOOD AND BEVERAGE-NEPAL,SHANKARAPUR PROCESSES DRINKING WATER,AQUA SHANKARAPUR PROCESSED DRINKING WATER\1000\ML,20,1000 ML,PET,New SKU,1744873061161-salambhu food and beverage-nepal-shankarapur processes drinking water#3.png
202504,2,132790180,22304020009,1745046036803,134,GAMA FOODS NEPAL PVT LTD-NEPAL,BLACK HORSE,"BLACK HORSE\250ML\ENERGY DRINK ",120,250ML,CAN,,1745046036803-gama foods nepal pvt ltd-nepal-black horse#3.png
202504,2,121838548,31101020068,1745050245334,118,LIFE FOOD & BEVERAGE-NEPAL,NIMBOO PANI,LIFE NIMBOO PANI\250ML\PET\RS:50\LIFE FOOD& BEVRAGE PVT.LTD,50,250 ML,PET,,1745050245334-life food - beverage-nepal-nimboo pani#3.png
202504,2,122331327,31101020086,1744864838286,118,BOTTLERS NEPAL - NEPAL,FANTA,FANTA LEMON\250ML\PET\RS:80\BOTTLERS I NEPAL,50,250ML,PET,Any other reason,
202504,2,124259316,31101020012,1744864838286,118,BOTTLERS NEPAL - NEPAL,FANTA,FANTA LEMON\250ML\PET\RS:80\BOTTLERS I NEPAL,50,250ML,PET,New SKU,1744864838286-bottlers nepal - nepal-fanta#3.png
202504,2,112273751,21102020025,1744959820498,134,DABUR NEPAL LTD.-NEPAL,REAL BURRST,REAL BURRST/GUAVA/TPK/RS25/DABUR NEPAL PVT LTD,25,170ML,TPK,,1744959820498-dabur nepal ltd--nepal-real burrst#3.png
202504,2,112273751,21102020025,1744959526309,118,BOTTLERS NEPAL - NEPAL,FANTA LEMON,FANTA LEMON/PBT/250ML/RS50/BOTTLERS NEPAL,50,250ML,PBT,,1744959526309-bottlers nepal - nepal-fanta lemon#3.png
202504,3,1210102549,12101030191,1744100189760,126,DHARMAPAL SATYAPAL LTD-INDIA,PASSPASS,PASSPASS-PASSPASS-FRESH MINT PPH 9.5 GM.,8,9.5 GM.,PPH,Any other reason,
202504,2,130911248,31101020091,1744697016147,118,BOTTLERS NEPAL - NEPAL,FANTA LEMON,"FANTA LEMON PBT 250ML ",50,250ML,PBT,,1744697016147-bottlers nepal - nepal-fanta lemon#3.png
202504,2,128189766,31101020097,1744697016147,118,BOTTLERS NEPAL - NEPAL,FANTA LEMON,"FANTA LEMON PBT 250ML ",50,250ML,PBT,,1744697016147-bottlers nepal - nepal-fanta lemon#3.png
202504,2,126322594,21301020016,1744360668664,134,ANIMES ENTERPRISES PVT.LTD,AQUA SHIKHAR DIP,AQUA SHIKHAR DIP \1000\ML,20,1000 ML,PET,New SKU,
202504,2,125918143,21301020027,1744360668664,134,ANIMES ENTERPRISES PVT.LTD,AQUA SHIKHAR DIP,AQUA SHIKHAR DIP \1000\ML,20,1000 ML,PET,,1744360668664-animes enterprises pvt-ltd-aqua shikhar dip#3.png
202504,2,122332165,31101020087,1744617005087,118,LIFE FOOD & BEVERAGE-NEPAL,FIZZY LIFE,FIZZY LIFE NIMBOO LEMON PBT 500ML,85,500ML,PBT,,1744617005087-life food - beverage-nepal-fizzy life#3.png
202504,3,1210101689,12101030231,1744100189760,126,DHARMAPAL SATYAPAL LTD-INDIA,PASSPASS,PASSPASS-PASSPASS-FRESH MINT PPH 9.5 GM.,8,9.5 GM.,PPH,,1744100189760-dharmapal satyapal ltd-india-passpass#3.png
202504,2,109955214,21102020052,1744009629998,118,BOTTLERS NEPAL TERAI LIMITED,FANTA APPLE,"FANTA LEMON ",50,250ML,PET,,1744009629998-bottlers nepal terai limited-fanta apple#3.png
