PERIOD,AUDITTYPE,STORECODE,DLRCODE,ITEMCODE,CATEGORY,MANUFACTURE,BRAND,ITEMDESC,MRP,PACKSIZE,PACKTYPE,COMMENTS,IMAGE
202403,2,134729806,41305020009,1711713937293,118,"AAROGYA HARBAL UDHOG ","FRUIT JUICE ","AAROGY ",50,280ML,PET,,1711713937293-aarogya harbal udhog -fruit juice #3.png
202403,2,134719013,41305020004,1711711815361,118,"MY NEPAL MY PRIDE ","NEPAL SOFT DRINK ","MORNING DEW ",40,250ML,PET,,1711711815361-my nepal my pride -nepal soft drink #3.png
202403,2,134719013,41305020004,1711712457538,134,"PROCESSED DRINKING WATER ","R.R PROCESSED DRINKING WATER ",R . R.,30,1000ML,PET,,1711712457538-processed drinking water -r-r processed drinking water #3.png
202403,2,134463680,41305020013,1711712457538,134,"PROCESSED DRINKING WATER ","R.R PROCESSED DRINKING WATER ",R . R.,30,1000ML,PET,,
202403,2,516813610182,51681020001,1711611020248,134,KWALITY THAI FOODS PVT LTD-NPL,EX-CESS,EX-CESS/200ML/TPK/MANGO PAPAYA,25,200ML,TPK,Any other reason,
202403,2,516813610176,51681020002,1711611020248,134,KWALITY THAI FOODS PVT LTD-NPL,EX-CESS,EX-CESS/200ML/TPK/MANGO PAPAYA,25,200ML,TPK,,1711611020248-kwality thai foods pvt ltd-npl-ex-cess#3.png
202403,2,516813510147,51681020008,1711611020248,134,KWALITY THAI FOODS PVT LTD-NPL,EX-CESS,EX-CESS/200ML/TPK/MANGO PAPAYA,25,200ML,TPK,,
202403,2,324121510021,32412020008,1711524716331,118,VARUN BEVERAGE -NEPAL,PEPSI,PEPSI-COLA-PET 250 ML+150ML,50,250ML,PET,,1711524716331-varun beverage -nepal-pepsi#3.png
202403,2,324121510021,32412020008,1711615320033,118,VARUN BEVERAGE -NEPAL,7 UP,7 UP-LEMON-PET 250 ML +150ML,50,250ML,PET,,1711615320033-varun beverage -nepal-7 up#3.png
202403,2,116304492,11301020014,1710839492866,118,VARUN BEVERAGE -NEPAL,PEPSI,PEPSI-COLA PET 250ML+150ML FREE,50,250ML +150ML,PET,,1710839492866-varun beverage -nepal-pepsi#3.png
202403,2,116304492,11301020014,1710839639670,118,VARUN BEVERAGE -NEPAL,MIRINDA ORANGE,MIRINDA ORANGE PET 250ML+150ML FREE,50,250ML +150ML,PET,,1710839639670-varun beverage -nepal-mirinda orange#3.png
202403,2,112162713,41301020004,1711603379923,134,"PROCESSED DRINKING WATER ","TILA KARNALI PANI PRASHODHAN UDHOG ",TILA,30,1000ML,PET,,
202403,2,117185718,41301020017,1711603379923,134,"PROCESSED DRINKING WATER ","TILA KARNALI PANI PRASHODHAN UDHOG ",TILA,30,1000ML,PET,,1711603379923-processed drinking water -tila karnali pani prashodhan udhog #3.png
202403,2,116441816,41301020028,1711540152282,134,DABUR NEPAL LTD.-NEPAL,"LITE AND REFRESHING ",REAL BURRST MANGO,25,180ML,,,1711540152282-dabur nepal ltd--nepal-lite and refreshing #3.png
202403,2,112273347,41301020015,1711527893952,118,VARUN BEVERAGE -NEPAL,BEVERAGES WITH REAL MANGO,"SLICE ",90,500ML,"500ML ",,1711527893952-varun beverage -nepal-beverages with real mango#3.png
202403,2,116648462,41301020006,1711526804902,134,"RR DRINKING WATER ","PROCESSED WATER ",RR AQUQ,30,,,,1711526804902-rr drinking water -processed water #3.png
202403,2,128850829,21202020024,1711529742272,134,SAPPE PUBLIC COMPANY LTD-THAILAND,MOGU MOGU,"MOGU MOGU\320ML\PBT\MELON FLAVOUR ",145,320ML,PBT,,1711529742272-sappe public company ltd-thailand-mogu mogu#3.png
202403,2,130528603,21202020027,1711534063061,118,VARUN BEVERAGE -NEPAL,PEPSI,"PEPSI \250ML+150ML\PBT\CARBONATED ",50,250ML+150ML,PBT,,1711534063061-varun beverage -nepal-pepsi#3.png
202403,2,130528603,21202020027,1711601746770,118,VARUN BEVERAGE -NEPAL,7UP,"7 UP\250ML+150ML\PBT\CARBONATED ",20,250ML+150ML FREE,PBT,Sales Deviation is OK,1711601746770-varun beverage -nepal-7up#3.png
202403,2,129058210,12201020023,1710839492866,118,VARUN BEVERAGE -NEPAL,PEPSI,PEPSI-COLA PET 250ML+150ML FREE,50,250ML +150ML,PET,,
202403,2,324121510088,32412020004,1711524716331,118,VARUN BEVERAGE -NEPAL,PEPSI,PEPSI-COLA-PET 250 ML+150ML,50,250ML,PET,,1711524716331-varun beverage -nepal-pepsi#3.png
202403,2,324121210105,32412020001,1711517976006,118,VARUN BEVERAGE -NEPAL,MIRINDA ORANGE,MIRINDA ORANGE PET 250ML+150ML,50,250ML,PET,,1711517976006-varun beverage -nepal-mirinda orange#3.png
202403,2,130529765,21202020028,1711537835615,134,SAPPE PUBLIC COMPANY LTD-THAILAND,MOGU MOGU,"MOGU MOGU\320ML\PBT\PINK GUAVA FLAVOUR ",150,320ML,PBT,,1711537835615-sappe public company ltd-thailand-mogu mogu#3.png
202403,2,222762610017,22276020011,1711434407273,118,VARUN BEVERAGE -NEPAL,PEPSI,PEPSI/PBT/250 ML FREE 150 ML/MRP 50/VARUN BEVERAGE,500,250ML,PBT,,1711434407273-varun beverage -nepal-pepsi#3.png
202403,2,132848528,31303020029,1711358235138,134,HYGEN PACKS NEPAL PVT LTD-NEPAL,"MANIA ",MANIA-MIX FRUIT TPK 200ML,25,200ML,TPK,,1711358235138-hygen packs nepal pvt ltd-nepal-mania #3.png
202403,2,132803597,31303020004,1711358235138,134,HYGEN PACKS NEPAL PVT LTD-NEPAL,"MANIA ",MANIA-MIX FRUIT TPK 200ML,25,200ML,TPK,,1711358235138-hygen packs nepal pvt ltd-nepal-mania #3.png
202403,3,1025134808550,22709030041,1710651096178,105,SURYA NEPAL PVT LTD - NEPAL,"STRIKER ","STRIKER SPICE RUSH ",130,FTP,20,New SKU,1710651096178-surya nepal pvt ltd - nepal-striker #3.png
202403,2,132841164,22304020008,1711077683580,118,PEPSI COLA CMPNY IMPRTD-IMPRTD,"MOUNTAIN DEW ","MOUNTAIN DEW \2000ML\PBT\CARBONATED ",128,2000ML,PBT,,1711077683580-pepsi cola cmpny imprtd-imprtd-mountain dew #3.png
202403,2,132576439,22304020006,1711080250688,134,CHAUDHARY PANI UDHYOG NEPAL,SUNDAR JAL,"SUNDAR JAL\1000ML\PBT\MINERAL WATER ",25,1000ML,PBT,Sales Deviation is OK,1711080250688-chaudhary pani udhyog nepal-sundar jal#3.png
202403,2,132681011,22304020001,1711080250688,134,CHAUDHARY PANI UDHYOG NEPAL,SUNDAR JAL,"SUNDAR JAL\1000ML\PBT\MINERAL WATER ",25,1000ML,PBT,,
202403,2,132576291,22304020003,1711077683580,118,PEPSI COLA CMPNY IMPRTD-IMPRTD,"MOUNTAIN DEW ","MOUNTAIN DEW \2000ML\PBT\CARBONATED ",128,2000ML,PBT,,
202403,2,125728611,31101020089,1711003543798,134,"MAHAVIR KHOLA PRAKRITIK KHANEOANI PVT LTD ",FURKETARI,FURKETARI PBT 1L,25,1000ML,PBT,,1711003543798-mahavir khola prakritik khaneoani pvt ltd -furketari#3.png
202403,2,113249915,52204020011,1710304478387,118,PEPSI COLA CMPNY IMPRTD-IMPRTD,"MOUNTAIN DEW ",MOUNTAIN DEW/2000ML/PBT,128,"2000ML ",PBT,,
202403,2,128786076,52203020007,1710054179346,134,P.G WATER INDUSTRIES-NEPAL,AQUA CARE,AQUA CARE/1000ML/PBT,25,"1000ML ",PBT,Seasonal purchases,
202403,2,127304073,22201020047,1710658906614,134,LIFE FOOD & BEVERAGE PVT.LTD,FIZZY LIFE NIMBOO,FIZZY LIFE NIMBOO,50,250ML,PET,,1710658906614-life food - beverage pvt-ltd-fizzy life nimboo#3.png
202403,2,122331327,31101020086,1710399394882,118,AGRO THAI FOODS PVT LTD-NEPAL,ICEEY CRAZY LEMONA,ICEEY CRAZY LEMON\1500ML\PET\RS:180\AGRO THAI FOOD PVT.LTD NEPAL,180,1500,PET,,1710399394882-agro thai foods pvt ltd-nepal-iceey crazy lemona#3.png
202403,2,122331327,31101020086,1710399498284,118,AGRO THAI FOODS PVT LTD-NEPAL,ICEEY CRAZY LEMONA,ICEEY CRAZY LEMON\500ML\PET\RS:80\AGRO THAI FOOD PVT.LTD NEPAL,80,500ML,PET,,1710399498284-agro thai foods pvt ltd-nepal-iceey crazy lemona#3.png
202403,2,126402383,21301020041,1710228345884,118,VARUN BEVERAGE -NEPAL,PEPSI,PEPSI\400\ML,50,400ML,PET,New SKU,1710228345884-varun beverage -nepal-pepsi#3.png
202403,2,130217025,52303020002,1710304478387,118,PEPSI COLA CMPNY IMPRTD-IMPRTD,"MOUNTAIN DEW ",MOUNTAIN DEW/2000ML/PBT,128,"2000ML ",PBT,,
202403,2,130605665,52303020011,1710304478387,118,PEPSI COLA CMPNY IMPRTD-IMPRTD,"MOUNTAIN DEW ",MOUNTAIN DEW/2000ML/PBT,128,"2000ML ",PBT,,
202403,2,130528484,52303020012,1710304478387,118,PEPSI COLA CMPNY IMPRTD-IMPRTD,"MOUNTAIN DEW ",MOUNTAIN DEW/2000ML/PBT,128,"2000ML ",PBT,,
202403,2,130258571,52303020007,1710304478387,118,PEPSI COLA CMPNY IMPRTD-IMPRTD,"MOUNTAIN DEW ",MOUNTAIN DEW/2000ML/PBT,128,"2000ML ",PBT,,
202403,2,130626149,52303020010,1710304478387,118,PEPSI COLA CMPNY IMPRTD-IMPRTD,"MOUNTAIN DEW ",MOUNTAIN DEW/2000ML/PBT,128,"2000ML ",PBT,,
202403,2,130215434,52303020009,1710304478387,118,PEPSI COLA CMPNY IMPRTD-IMPRTD,"MOUNTAIN DEW ",MOUNTAIN DEW/2000ML/PBT,120,"2000ML ",PBT,,
202403,2,130379757,52303020005,1710304478387,118,PEPSI COLA CMPNY IMPRTD-IMPRTD,"MOUNTAIN DEW ",MOUNTAIN DEW/2000ML/PBT,128,"2000ML ",PBT,,
202403,2,130483049,52303020004,1710304478387,118,PEPSI COLA CMPNY IMPRTD-IMPRTD,"MOUNTAIN DEW ",MOUNTAIN DEW/2000ML/PBT,128,"2000ML ",PBT,Seasonal purchases,
202403,2,130215306,52303020003,1710304478387,118,PEPSI COLA CMPNY IMPRTD-IMPRTD,"MOUNTAIN DEW ",MOUNTAIN DEW/2000ML/PBT,128,"2000ML ",PBT,,1710304478387-pepsi cola cmpny imprtd-imprtd-mountain dew #3.png
202403,2,112136408,12101020032,1709881139499,134,SHANTI JAL UDHYOG PVT LTD-NEPL,SHANTI JAL,SHANTI JAL PBT 500 ML,10,500 ML.,BPT,,1709881139499-shanti jal udhyog pvt ltd-nepl-shanti jal#3.png
202403,2,124865093,52202020009,1710054179346,134,P.G WATER INDUSTRIES-NEPAL,AQUA CARE,AQUA CARE/1000ML/PBT,25,"1000ML ",PBT,Any other reason,
202403,2,128296706,52202020003,1710054179346,134,P.G WATER INDUSTRIES-NEPAL,AQUA CARE,AQUA CARE/1000ML/PBT,25,"1000ML ",PBT,,
202403,2,128302927,52202020011,1710054179346,134,P.G WATER INDUSTRIES-NEPAL,AQUA CARE,AQUA CARE/1000ML/PBT,25,"1000ML ",PBT,Any other reason,1710054179346-p-g water industries-nepal-aqua care#3.png
202403,2,112167852,12101020001,1709722237489,134,S.A.N.S. BEVERAGE IND. PVT.LTD. NEPAL,KABELI,"KABELI PROCESSED DRINKING WATER ",20,1-LTR.,PBT,,1709722237489-s-a-n-s- beverage ind- pvt-ltd- nepal-kabeli#3.png
202403,3,3110103023,31101030364,1709710254462,105,GORKHA LAHARI PVT.LTD.- NEPAL,MAYALU,MAYALU FILTER\20 KS\HL\RS:100\GORKHA LAHARI PVT.LTD NEPAL,88,"20 ",CBP,New SKU,1709710254462-gorkha lahari pvt-ltd-- nepal-mayalu#3.png
202403,3,2110201345,21102030190,1709706918730,125,HARSH INFINITY FLAVOUR PVT LTD,MAHAK CHAINI,MAHAK CHAINI/PPH/9GM/RS50/HARSH INFINITY FLAVOUR PVT LTD,50,9 GM,PPH,,1709706918730-harsh infinity flavour pvt ltd-mahak chaini#3.png
