PERIOD,AUDITTYPE,STORECODE,DLRCODE,ITEMCODE,CATEGORY,MANUFACTURE,BRAND,ITEMDESC,MRP,PACKSIZE,PACKTYPE,COMMENTS,IMAGE
202506,2,324251110025,32425020007,1746600346431,118,DABUR NEPAL LTD.-NEPAL,"BURRST ",BURRST NEEMBU FIZZ\250ML\PET\RS:50\DABUR NEPAL PVT.LTD NEPAL,50,250ML,PET,,
202506,3,116116196,21201030011,1748761832067,105,KT&G-KOREA,ESSE BLUE,ESSE BLUE/KFS/20NOS/MRP340,340,20 NOS,HL,,1748761832067-kt-g-korea-esse blue#3.png
202505,2,212581910163,21258020008,1747197323166,118,BOTTLERS NEPAL - NEPAL,FANTA LEMON,FANTA LEMON/2250/ML,250,2250 ML,PET,New SKU,
202505,2,212581910093,21258020010,1747197323166,118,BOTTLERS NEPAL - NEPAL,FANTA LEMON,FANTA LEMON/2250/ML,250,2250 ML,PET,New SKU,
202505,2,212581910083,21258020013,1747197323166,118,BOTTLERS NEPAL - NEPAL,FANTA LEMON,FANTA LEMON/2250/ML,250,2250 ML,PET,New SKU,
202505,2,128877778,12201020015,1748590805127,134,TRIVENI FOOD & BEVERAGE-NP,SHOCK,SHOCK ENERGY DRINK CLASSIC CAN 330ML,130,330ML,CAN,,1748590805127-triveni food - beverage-np-shock#3.png
202505,2,516813310180,51681020003,1748421024640,134,RAYBOT SPRING'S MINERAL WATER-NEPAL,RAYBOT REFRESH,RAYBOT REFRESH/1000ML/PBT/MIXED FRUIT,170,"1000ML ",PBT,,1748421024640-raybot spring-s mineral water-nepal-raybot refresh#3.png
202505,2,516813310180,51681020003,1748249305169,134,DABUR NEPAL LTD.-NEPAL,REAL FRUIT POWER,REAL FRUIT POWER/MIXED FRUIT/2000ML/PBT/SAVE RS 50,270,"2000ML ",PBT,,
202505,2,516813310126,51681020011,1748246455004,134,DABUR NEPAL LTD.-NEPAL,REAL BURRST,REAL BURRST/170ML/TPK/MANGO,25,"170ML ",TPK,,
202505,2,516753710207,51675020002,1748415223170,118,SHAMBHAVI FOOD & BEVERAGES-NEPAL,MAINTAIN DEW,"MAINTAIN DEW/2,25LTR/PBT/LEMON ",260,2.25LTR,PBT,,1748415223170-shambhavi food - beverages-nepal-maintain dew#3.png
202505,2,516813610245,51681020009,1748246455004,134,DABUR NEPAL LTD.-NEPAL,REAL BURRST,REAL BURRST/170ML/TPK/MANGO,25,"170ML ",TPK,,
202505,2,516865410033,51686020005,1748246455004,134,DABUR NEPAL LTD.-NEPAL,REAL BURRST,REAL BURRST/170ML/TPK/MANGO,25,"170ML ",TPK,,
202505,2,516813610176,51681020002,1748246455004,134,DABUR NEPAL LTD.-NEPAL,REAL BURRST,REAL BURRST/170ML/TPK/MANGO,25,"170ML ",TPK,,
202505,2,516813610183,51681020004,1748246455004,134,DABUR NEPAL LTD.-NEPAL,REAL BURRST,REAL BURRST/170ML/TPK/MANGO,25,"170ML ",TPK,,
202505,2,324121510031,32412020022,1748505974355,118,HYGEN PACKS NEPAL PVT LTD-NEPAL,MANIA NIMBOO,MANIA NIMBOO DRINK PBT 250 ML,50,250 ML,PBT,,1748505974355-hygen packs nepal pvt ltd-nepal-mania nimboo#3.png
202505,2,324121210076,32412020006,1748418584104,134,TRUE SOLUTION PVT LTD-NEPAL,HOPE,HOPE PBT 1000 ML,25,1000ML,PBT,,1748418584104-true solution pvt ltd-nepal-hope#3.png
202505,2,324121210146,32412020021,1747723773973,134,DABUR NEPAL LTD.-NEPAL,REAL BURRST,REAL BURRST-PINEAPPLE TPK 170 ML,25,170ML,TPK,,1747723773973-dabur nepal ltd--nepal-real burrst#3.png
202505,2,324121210146,32412020021,1747720335731,134,DABUR NEPAL LTD.-NEPAL,REAL BURRST,REAL BURRST-APPLE TPK 170 ML,25,170,TPK,,1747720335731-dabur nepal ltd--nepal-real burrst#3.png
202505,2,324121210162,32412020017,1747723773973,134,DABUR NEPAL LTD.-NEPAL,REAL BURRST,REAL BURRST-PINEAPPLE TPK 170 ML,25,170ML,TPK,,1747723773973-dabur nepal ltd--nepal-real burrst#3.png
202505,2,324121210105,32412020001,1747723773973,134,DABUR NEPAL LTD.-NEPAL,REAL BURRST,REAL BURRST-PINEAPPLE TPK 170 ML,25,170ML,TPK,,1747723773973-dabur nepal ltd--nepal-real burrst#3.png
202505,2,527364210132,52736020001,1748246455004,134,DABUR NEPAL LTD.-NEPAL,REAL BURRST,REAL BURRST/170ML/TPK/MANGO,25,"170ML ",TPK,,
202505,2,527374310031,52737020002,1748246455004,134,DABUR NEPAL LTD.-NEPAL,REAL BURRST,REAL BURRST/170ML/TPK/MANGO,25,"170ML ",TPK,,
202505,2,527373110035,52737020005,1748246455004,134,DABUR NEPAL LTD.-NEPAL,REAL BURRST,REAL BURRST/170ML/TPK/MANGO,25,"170ML ",TPK,,
202505,2,527374310006,52737020003,1748246455004,134,DABUR NEPAL LTD.-NEPAL,REAL BURRST,REAL BURRST/170ML/TPK/MANGO,25,"170ML ",TPK,,
202505,3,1026140537297,21209030045,1748254387983,105,KT&G-KOREA,ESSE CHANGE MINI,ESSE CHANGE MINI,320,20,HL,,
202505,2,132837008,31303020006,1748161898428,134,"MYAGDE CHHANGPATAN DRINKING WATER ",SATHI,SATHI PBT 1000ML,25,1 L,PBT,,1748161898428-myagde chhangpatan drinking water -sathi#3.png
202505,2,132701456,31303020030,1747723773973,134,DABUR NEPAL LTD.-NEPAL,REAL BURRST,REAL BURRST-PINEAPPLE TPK 170 ML,25,170ML,TPK,,1747723773973-dabur nepal ltd--nepal-real burrst#3.png
202505,2,132701456,31303020030,1747642316887,134,DABUR NEPAL LTD.-NEPAL,"REAL BURRST ",REAL BURRST-ORANGE TPK 170 ML,25,170ML,TPK,,1747642316887-dabur nepal ltd--nepal-real burrst #3.png
202505,2,132806165,31303020019,1748335872706,118,HYGEN PACKS NEPAL PVT LTD-NEPAL,MANIA NIMBOO,MANIA NIMBOO DRINK PBT 260 ML,50,250ML,PBT,,1748335872706-hygen packs nepal pvt ltd-nepal-mania nimboo#3.png
202505,2,128773659,21202020035,1748258040116,134,DABUR NEPAL LTD.-NEPAL,REAL FRUIT POWER,REAL FRUIT POWER \1000ML\TPK\GRAPE,300,1000ML,TPK,,1748258040116-dabur nepal ltd--nepal-real fruit power#3.png
202505,3,1110142936659,21209030055,1748254387983,105,KT&G-KOREA,ESSE CHANGE MINI,ESSE CHANGE MINI,320,20,HL,Sales Deviation is OK,1748254387983-kt-g-korea-esse change mini#3.png
202505,2,117669686,51302020004,1748249438039,134,DABUR NEPAL LTD.-NEPAL,REAL FRUIT POWER,REAL FRUIT POWER/MANGO/2000ML/PBT/SAVE RS 50,270,"2000ML ",PBT,,
202505,2,117669686,51302020004,1748249305169,134,DABUR NEPAL LTD.-NEPAL,REAL FRUIT POWER,REAL FRUIT POWER/MIXED FRUIT/2000ML/PBT/SAVE RS 50,270,"2000ML ",PBT,,
202505,2,117672861,51302020005,1748249438039,134,DABUR NEPAL LTD.-NEPAL,REAL FRUIT POWER,REAL FRUIT POWER/MANGO/2000ML/PBT/SAVE RS 50,270,"2000ML ",PBT,,1748249438039-dabur nepal ltd--nepal-real fruit power#3.png
202505,2,117672861,51302020005,1748249305169,134,DABUR NEPAL LTD.-NEPAL,REAL FRUIT POWER,REAL FRUIT POWER/MIXED FRUIT/2000ML/PBT/SAVE RS 50,270,"2000ML ",PBT,,1748249305169-dabur nepal ltd--nepal-real fruit power#3.png
202505,2,117666700,51302020003,1748246455004,134,DABUR NEPAL LTD.-NEPAL,REAL BURRST,REAL BURRST/170ML/TPK/MANGO,25,"170ML ",TPK,,1748246455004-dabur nepal ltd--nepal-real burrst#3.png
202505,2,132704136,31303020018,1748247580335,134,KWALITY THAI FOODS PVT LTD-NPL,TOTAL FRUITY N JUICY,TOTAL FRUITY N JUICY-GUAVA TPK 200 ML,30,200 ML,TPK,,1748247580335-kwality thai foods pvt ltd-npl-total fruity n juicy#3.png
202505,2,132704136,31303020018,1748161898428,134,"MYAGDE CHHANGPATAN DRINKING WATER ",SATHI,SATHI PBT 1000ML,25,1 L,PBT,,1748161898428-myagde chhangpatan drinking water -sathi#3.png
202505,2,132860456,31303020016,1748161898428,134,"MYAGDE CHHANGPATAN DRINKING WATER ",SATHI,SATHI PBT 1000ML,25,1 L,PBT,,1748161898428-myagde chhangpatan drinking water -sathi#3.png
202505,2,132803597,31303020004,1747720335731,134,DABUR NEPAL LTD.-NEPAL,REAL BURRST,REAL BURRST-APPLE TPK 170 ML,25,170,TPK,,1747720335731-dabur nepal ltd--nepal-real burrst#3.png
202505,2,132816102,31303020007,1747642316887,134,DABUR NEPAL LTD.-NEPAL,"REAL BURRST ",REAL BURRST-ORANGE TPK 170 ML,25,170ML,TPK,,1747642316887-dabur nepal ltd--nepal-real burrst #3.png
202505,2,132848528,31303020029,1748161898428,134,"MYAGDE CHHANGPATAN DRINKING WATER ",SATHI,SATHI PBT 1000ML,25,1 L,PBT,,1748161898428-myagde chhangpatan drinking water -sathi#3.png
202505,2,123661238,42301020028,1748101123000,134,"AMREEN FOODS AND BEVERAGE ","AMREEN FOODS AND BEVERAGE ",NEW OZEEN,30,1000LITER,PET,Sales Deviation is OK,1748101123000-amreen foods and beverage -amreen foods and beverage #3.png
202505,2,129024634,22101020014,1747995267203,118,PEPSI COLA CMPNY IMPRTD-IMPRTD,7 UP NIMBOOZ,7 UP NIMBOOZ\345ML\PBT\LEMON,32,345ML,PBT,,1747995267203-pepsi cola cmpny imprtd-imprtd-7 up nimbooz#3.png
202505,3,1220102346,12201030187,1746773828334,124,BALAJI UDHYOG PVT LTD-NEPAL,"VARDAN PREMIUM ",VARDAN GUTKHA PPH 3.75 G,10,3.75G,PPH,,1746773828334-balaji udhyog pvt ltd-nepal-vardan premium #3.png
202505,3,1220102372,12201030159,1747738350507,125,SONA TOBACCO UDHYOG PVT LTD NEPAL,GOLDEN JHANKAR,GOLDEN JHANKAR SUPER POWER PPH 9G,20,9G,PPH,,1747738350507-sona tobacco udhyog pvt ltd nepal-golden jhankar#3.png
202505,3,1101110753499,22709030048,1747882478528,105,KT&G-KOREA,ESSE  CHANGE,ESSE CHANGE-ESSE FULL FLAVOUR-HL 20'S KS REGULAR PREMIUM,340,20'S,HL,,1747882478528-kt-g-korea-esse  change#3.png
202505,3,1101110753499,22709030048,1747882174984,105,KT&G-KOREA,ESSE MENTHOL,"ESSE MENTHOL-ESSE FULL FLAVOUR-HL 20'S KS REGULAR PREMIUM ",340,20'S,HL,,1747882174984-kt-g-korea-esse menthol#3.png
202505,2,115404280,31307020004,1746600346431,118,DABUR NEPAL LTD.-NEPAL,"BURRST ",BURRST NEEMBU FIZZ\250ML\PET\RS:50\DABUR NEPAL PVT.LTD NEPAL,50,250ML,PET,,
202505,2,123947434,21301020036,1747381295602,134,AGRO THAI FOODS PVT LTD-NEPAL,FRUIT SHOOT PINK GUAVA,FRUIT SHOOT PINK GUAVA/200/ML/RS 40,40,200 ML,PET,,1747381295602-agro thai foods pvt ltd-nepal-fruit shoot pink guava#3.png
202505,2,128962509,31101020075,1747723773973,134,DABUR NEPAL LTD.-NEPAL,REAL BURRST,REAL BURRST-PINEAPPLE TPK 170 ML,25,170ML,TPK,,1747723773973-dabur nepal ltd--nepal-real burrst#3.png
202505,2,128962509,31101020075,1747290167863,134,DABUR NEPAL LTD.-NEPAL,"REAL BURRST ",REAL BURRST-POMEGRANATE TPK 170 ML,25,170 ML,TPK,,1747290167863-dabur nepal ltd--nepal-real burrst #3.png
202505,2,126810210,31101020077,1747723773973,134,DABUR NEPAL LTD.-NEPAL,REAL BURRST,REAL BURRST-PINEAPPLE TPK 170 ML,25,170ML,TPK,,1747723773973-dabur nepal ltd--nepal-real burrst#3.png
202505,2,126810210,31101020077,1747642316887,134,DABUR NEPAL LTD.-NEPAL,"REAL BURRST ",REAL BURRST-ORANGE TPK 170 ML,25,170ML,TPK,,1747642316887-dabur nepal ltd--nepal-real burrst #3.png
202505,2,122167896,31101020073,1747720335731,134,DABUR NEPAL LTD.-NEPAL,REAL BURRST,REAL BURRST-APPLE TPK 170 ML,25,170,TPK,,1747720335731-dabur nepal ltd--nepal-real burrst#3.png
202505,2,122167896,31101020073,1747642316887,134,DABUR NEPAL LTD.-NEPAL,"REAL BURRST ",REAL BURRST-ORANGE TPK 170 ML,25,170ML,TPK,,1747642316887-dabur nepal ltd--nepal-real burrst #3.png
202505,2,111481610,21102020055,1747724945039,134,DABUR NEPAL LTD.-NEPAL,REAL BURRST,REAL BURRST/MANGO/TPK/170ML/RS25/DABUR NEPAL PVT LTD,25,170ML,TPK,,1747724945039-dabur nepal ltd--nepal-real burrst#3.png
202505,2,112273751,21102020025,1747724945039,134,DABUR NEPAL LTD.-NEPAL,REAL BURRST,REAL BURRST/MANGO/TPK/170ML/RS25/DABUR NEPAL PVT LTD,0,170ML,TPK,,
202505,2,111490037,21102020045,1747724945039,134,DABUR NEPAL LTD.-NEPAL,REAL BURRST,REAL BURRST/MANGO/TPK/170ML/RS25/DABUR NEPAL PVT LTD,25,170ML,TPK,,
202505,2,109948383,21102020037,1747724945039,134,DABUR NEPAL LTD.-NEPAL,REAL BURRST,REAL BURRST/MANGO/TPK/170ML/RS25/DABUR NEPAL PVT LTD,25,170ML,TPK,,
202505,2,113177177,52204020010,1747619502748,134,AMRAPALI BEVERAGE-NEPAL,AMRAPALI SWAGAT,"AMRAPALI SWAGAT/180ML/CAN/BADAM DRINK ",100,"180ML ",CAN,,1747619502748-amrapali beverage-nepal-amrapali swagat#3.png
202505,2,124617794,31101020111,1747642316887,134,DABUR NEPAL LTD.-NEPAL,"REAL BURRST ",REAL BURRST-ORANGE TPK 170 ML,25,170ML,TPK,,1747642316887-dabur nepal ltd--nepal-real burrst #3.png
202505,2,125917421,21301020028,1747377775009,134,LOVELY BEVERAGE INDUSTRIES PVT.LTD,IZZI LITCHI,IZZI LITCHI/170/ML,20,170 ML,PET,New SKU,1747377775009-lovely beverage industries pvt-ltd-izzi litchi#3.png
202505,2,111979451,12101020020,1746606341023,118,COCA COLA COMPANY IMPRTD-IMPTD,SPRITE,SPRITE-LEMON-PET 2000 ML + 250 ML.FREE,158.4,2000 ML.,PET,,
202505,2,132522375,11303020006,1747357264551,134,RAYBOT SPRING'S MINERAL WATER-NEPAL,RAYBOT REFRESH,"RAYBOT REFRESH \500ML\PBT\GUAVA FLAVOUR ",90,500ML,PBT,,1747357264551-raybot spring-s mineral water-nepal-raybot refresh#3.png
202505,2,128189766,31101020097,1747290167863,134,DABUR NEPAL LTD.-NEPAL,"REAL BURRST ",REAL BURRST-POMEGRANATE TPK 170 ML,25,170 ML,TPK,,1747290167863-dabur nepal ltd--nepal-real burrst #3.png
202505,2,125918143,21301020027,1747197323166,118,BOTTLERS NEPAL - NEPAL,FANTA LEMON,FANTA LEMON/2250/ML,250,2250 ML,PET,New SKU,
202505,2,124328539,21301020038,1747197323166,118,BOTTLERS NEPAL - NEPAL,FANTA LEMON,FANTA LEMON/2250/ML,250,2250 ML,PET,New SKU,1747197323166-bottlers nepal - nepal-fanta lemon#3.png
202505,2,111744005,12101020034,1746606341023,118,COCA COLA COMPANY IMPRTD-IMPTD,SPRITE,SPRITE-LEMON-PET 2000 ML + 250 ML.FREE,158.4,2000 ML.,PET,,
202505,2,130193675,52303020008,1747019527818,118,LS WATER & BEVERAGE-NEPAL,IMJA SODA,IMJA SODA/250ML/PBT,40,"250ML ",PBT,,1747019527818-ls water - beverage-nepal-imja soda#3.png
202505,2,130215306,52303020003,1747011026925,134,DELISH DAIRIES PVT. LTD.-NEPAL,DELISH BADAM DRINK,DELISH/KESAR BADAM/180ML/CAN,100,"180ML ",CAN,,1747011026925-delish dairies pvt- ltd--nepal-delish badam drink#3.png
202505,2,125080826,21301020003,1747037626968,134,AQUATIC INDUSTRIES PVT.LTD,AQUA MANDU,AQUA MANDU /1000/ML,20,1000 ML,PET,,1747037626968-aquatic industries pvt-ltd-aqua mandu#3.png
202505,2,124683900,21301020017,1747037626968,134,AQUATIC INDUSTRIES PVT.LTD,AQUA MANDU,AQUA MANDU /1000/ML,20,1000 ML,PET,New SKU,
202505,2,111889963,12101020036,1746606341023,118,COCA COLA COMPANY IMPRTD-IMPTD,SPRITE,SPRITE-LEMON-PET 2000 ML + 250 ML.FREE,158.4,2000 ML.,PET,,1746606341023-coca cola company imprtd-imptd-sprite#3.png
202505,2,122761663,31101020092,1746600346431,118,DABUR NEPAL LTD.-NEPAL,"BURRST ",BURRST NEEMBU FIZZ\250ML\PET\RS:50\DABUR NEPAL PVT.LTD NEPAL,50,250ML,PET,New SKU,1746600346431-dabur nepal ltd--nepal-burrst #3.png
