PERIOD,AUDITTYPE,STORECODE,DLRCODE,ITEMCODE,CATEGORY,MANUFACTURE,BRAND,ITEMDESC,MRP,PACKSIZE,PACKTYPE,COMMENTS,IMAGE
202311,2,112116438,21102020060,1701324579472,134,DABUR NEPAL LTD.-NEPAL,REAL FRUIT POWER,REAL FRUIT POWER/MIXED FRUIT/FREE 180 ML REAL WORTH RS 30,290,1000ML,TPK,,1701324579472-dabur nepal ltd--nepal-real fruit power#3.png
202311,2,122160674,12303020021,1700801745964,118,SHAMBHAVI FOOD AND BEVERAGES PVT. LTD,MAINTAIN DEW,MAINTAIN DEW PBT 1000ML,120,1000ML,PBT,,1700801745964-shambhavi food and beverages pvt- ltd-maintain dew#3.png
202311,2,123490448,31101020011,1700549616408,134,THE BINDESHWORI DRK WTR&BVG-NP,ALL IN ONE,ALL IN ONE PBT 1 LTR,25,1000ML,PBT,,1700549616408-the bindeshwori drk wtr-bvg-np-all in one#3.png
202311,2,124303166,21301020032,1700372370852,134,A ONE POLYMERS & BEVERAGE P LTD,AQUA RAJDHANI,AQUA RAJDHANI\1000\ML,20,1000 ML,PET,,1700372370852-a one polymers - beverage p ltd-aqua rajdhani#3.png
